Name,DOB,Country,Date,City
Eliud KIPCHOGE, 05 Nov 1984, KEN," 12 OCT 2019"""," Wien"""
Eliud KIPCHOGE, 05 Nov 1984, KEN," 28 APR 2019"""," London"""
Lawrence CHERONO, 07 Aug 1988, KEN," 13 OCT 2019""", Chicago
Lawrence CHERONO, 07 Aug 1988, KEN," 28 JUL 2019"""," Bogotá"""
Lawrence CHERONO, 07 Aug 1988, KEN," 02 JUN 2019""", San Diego
Lawrence CHERONO, 07 Aug 1988, KEN," 15 APR 2019""", Boston
Leule GEBRSELASSIE, 20 Sep 1993, ETH," 01 DEC 2019"""," Valencia"""
Leule GEBRSELASSIE, 20 Sep 1993, ETH," 29 SEP 2019"""," ""GL"""
Leule GEBRSELASSIE, 20 Sep 1993, ETH," 28 APR 2019"""," London"""
Mosinet GEREMEW, 12 Feb 1992, ETH," 05 OCT 2019""", Corniche
Mosinet GEREMEW, 12 Feb 1992, ETH," 28 APR 2019"""," London"""
Mosinet GEREMEW, 12 Feb 1992, ETH," 17 MAR 2019"""," Lisboa"""
Tamirat TOLA, 11 Aug 1991, ETH," 03 NOV 2019""", New York
Tamirat TOLA, 11 Aug 1991, ETH," 08 SEP 2019"""," South Shields"""
Tamirat TOLA, 11 Aug 1991, ETH," 28 JUL 2019"""," Bogotá"""
Tamirat TOLA, 11 Aug 1991, ETH, 27:18.10 ," ""Ethiopian Trials"
Tamirat TOLA, 11 Aug 1991, ETH," 28 APR 2019"""," London"""
Tola SHURA KITATA, 09 Jun 1996, ETH," 03 NOV 2019""", New York
Tola SHURA KITATA, 09 Jun 1996, ETH," 28 APR 2019"""," London"""
Tola SHURA KITATA, 09 Jun 1996, ETH," 20 JAN 2019""", Houston
Geoffrey KIRUI, 16 Feb 1993, KEN," 05 OCT 2019""", Corniche
Geoffrey KIRUI, 16 Feb 1993, KEN," 15 APR 2019""", Boston
Mo FARAH, 23 Mar 1983, GBR," 13 OCT 2019""", Chicago
Mo FARAH, 23 Mar 1983, GBR," 08 SEP 2019"""," South Shields"""
Mo FARAH, 23 Mar 1983, GBR," 27 MAY 2019""",000
Mo FARAH, 23 Mar 1983, GBR," 28 APR 2019"""," London"""
Mo FARAH, 23 Mar 1983, GBR," 10 MAR 2019"""," ""E"""
Kenneth Kiprop KIPKEMOI, 02 Aug 1984, KEN," 15 APR 2019""", Boston
Kelkile GEZAHEGN, 01 Oct 1996, ETH," 27 OCT 2019"""," Ljubljana"""
Kelkile GEZAHEGN, 01 Oct 1996, ETH," 07 APR 2019"""," Rotterdam"""
Kelkile GEZAHEGN, 01 Oct 1996, ETH," 25 JAN 2019"""," Dubai"""
Galen RUPP, 08 May 1986, USA," 13 OCT 2019"""," IL"""
Mule WASIHUN, 20 Oct 1993, ETH," 17 NOV 2019"""," Nijmegen"""
Mule WASIHUN, 20 Oct 1993, ETH," 05 OCT 2019"""," Doha"""
Mule WASIHUN, 20 Oct 1993, ETH," 28 APR 2019"""," London"""
Mule WASIHUN, 20 Oct 1993, ETH," 08 FEB 2019"""," Ras Al Khaimah"""
Matthew Kipkoech KISORIO, 16 May 1989, KEN," 03 NOV 2019"""," Beijing"""
Matthew Kipkoech KISORIO, 16 May 1989, KEN," 25 AUG 2019"""," ""GL"""
Matthew Kipkoech KISORIO, 16 May 1989, KEN, 28:44.63 ," ""Kenya Police Ch."
Matthew Kipkoech KISORIO, 16 May 1989, KEN," 21 APR 2019"""," ""F"""
Matthew Kipkoech KISORIO, 16 May 1989, KEN," 24 FEB 2019"""," Guadalajara"""
Dickson CHUMBA, 27 Oct 1986, KEN," 13 OCT 2019""", Chicago
Dickson CHUMBA, 27 Oct 1986, KEN," 03 MAR 2019"""," Tokyo"""
Nobert KIGEN, 24 Jan 1993, KEN," 03 MAR 2019"""," ""GL"""
Sammy KITWARA, 26 Nov 1986, KEN," 17 MAR 2019"""," ""GL"""
Stephen MOKOKA, 31 Jan 1985, RSA," 13 OCT 2019"""," Durban"""
Stephen MOKOKA, 31 Jan 1985, RSA," 05 OCT 2019""", Corniche
Stephen MOKOKA, 31 Jan 1985, RSA," 25 AUG 2019"""," Buenos Aires"""
Stephen MOKOKA, 31 Jan 1985, RSA," 27 JUL 2019"""," Port Elizabeth - South African Half Marathon Ch."""
Stephen MOKOKA, 31 Jan 1985, RSA," 19 MAY 2019"""," ""C"""
Stephen MOKOKA, 31 Jan 1985, RSA," 20 APR 2019"""," Cape Town"""
Stephen MOKOKA, 31 Jan 1985, RSA," 09 APR 2019"""," Pretoria"""
Stephen MOKOKA, 31 Jan 1985, RSA," 10 MAR 2019"""," Otsu"""
Sisay LEMMA, 12 Dec 1990, ETH," 15 DEC 2019"""," Chon Buri"""
Sisay LEMMA, 12 Dec 1990, ETH," 29 SEP 2019"""," Berlin"""
Sisay LEMMA, 12 Dec 1990, ETH," 15 APR 2019""", Boston
Abraham KIPTUM, 15 Sep 1989, KEN," 15 MAR 2019"""," ""E"""
Abraham KIPTUM, 15 Sep 1989, KEN," 24 FEB 2019"""," ""E"""
Benson KIPRUTO, 17 Mar 1991, KEN," 20 OCT 2019"""," Toronto"""
Benson KIPRUTO, 17 Mar 1991, KEN," 15 APR 2019""", Boston
Amos KIPRUTO, 16 Sep 1992, KEN," 31 DEC 2019"""," Bolzano"""
Amos KIPRUTO, 16 Sep 1992, KEN," 26 OCT 2019"""," Scicli"""
Amos KIPRUTO, 16 Sep 1992, KEN," 05 OCT 2019""", Corniche
Amos KIPRUTO, 16 Sep 1992, KEN," 05 MAY 2019"""," Praha"""
Asefa MENGSTU, 22 Jan 1988, ETH," 13 OCT 2019""", Chicago
Asefa MENGSTU, 22 Jan 1988, ETH," 14 APR 2019"""," Paris"""
Asefa MENGSTU, 22 Jan 1988, ETH," 25 JAN 2019"""," Dubai"""
Abera KUMA, 31 Aug 1990, ETH," 20 OCT 2019"""," Toronto"""
Abera KUMA, 31 Aug 1990, ETH," 31 AUG 2019"""," Lille"""
Abera KUMA, 31 Aug 1990, ETH," 26 MAY 2019"""," Ottawa"""
Abera KUMA, 31 Aug 1990, ETH," 30 MAR 2019"""," Azpeitia"""
Abera KUMA, 31 Aug 1990, ETH," 20 JAN 2019"""," Mumbai"""
Suguru OSAKO, 23 May 1991, JPN," 08 DEC 2019""", Honolulu
Suguru OSAKO, 23 May 1991, JPN," 15 SEP 2019"""," Tokyo"""
Suguru OSAKO, 23 May 1991, JPN, 27:57.41 ," ""Hokuren Distance Challenge"
Suguru OSAKO, 23 May 1991, JPN," 09 JUN 2019""", Portland
Suguru OSAKO, 23 May 1991, JPN," 19 MAY 2019""", Tokai University Stadium
Suguru OSAKO, 23 May 1991, JPN," 19 MAY 2019""", Tokai University Stadium
Suguru OSAKO, 23 May 1991, JPN," 02 MAY 2019""", Palo Alto
Suguru OSAKO, 23 May 1991, JPN," 03 MAR 2019"""," ""GL"""
Suguru OSAKO, 23 May 1991, JPN," 03 FEB 2019"""," CA"""
El Hassan EL ABBASSI, 13 Apr 1984, BRN," 17 NOV 2019"""," Shanghai"""
El Hassan EL ABBASSI, 13 Apr 1984, BRN," 05 OCT 2019""", Corniche
El Hassan EL ABBASSI, 13 Apr 1984, BRN," 27 MAY 2019""", Boulder
El Hassan EL ABBASSI, 13 Apr 1984, BRN," 03 MAR 2019"""," ""GL"""
El Hassan EL ABBASSI, 13 Apr 1984, BRN," 20 JAN 2019""", Houston
Seifu TURA, 19 Jun 1997, ETH," 13 OCT 2019""", Chicago
Seifu TURA, 19 Jun 1997, ETH," 25 AUG 2019"""," Buenos Aires"""
Seifu TURA, 19 Jun 1997, ETH," 21 APR 2019"""," Yangzhou"""
Seifu TURA, 19 Jun 1997, ETH," 03 MAR 2019"""," ""GL"""
Yemane TSEGAY, 08 Apr 1985, ETH," 29 SEP 2019"""," Glasgow"""
Geoffrey KAMWOROR, 22 Nov 1992, KEN," 03 NOV 2019""", New York
Geoffrey KAMWOROR, 22 Nov 1992, KEN," 15 SEP 2019"""," København"""
Geoffrey KAMWOROR, 22 Nov 1992, KEN, 27:24.76 ," ""Kenyan Championships"
Geoffrey KAMWOROR, 22 Nov 1992, KEN, 27:50.65 ," ""Kenya Police Ch."
Geoffrey KAMWOROR, 22 Nov 1992, KEN," 11 MAY 2019"""," Bern"""
Geoffrey KAMWOROR, 22 Nov 1992, KEN," 30 MAR 2019"""," ""GW"""
Ernest NGENO, 20 May 1995, KEN," 12 MAY 2019"""," Dalian"""
Ernest NGENO, 20 May 1995, KEN," 10 MAR 2019"""," ""GL"""
Gideon Kipkemoi KIPKETER, 10 Nov 1992, KEN," 01 DEC 2019"""," Valencia"""
Gideon Kipkemoi KIPKETER, 10 Nov 1992, KEN," 28 APR 2019"""," ""GL"""
Gideon Kipkemoi KIPKETER, 10 Nov 1992, KEN," 03 MAR 2019"""," ""GL"""
Lelisa DESISA, 14 Jan 1990, ETH," 03 NOV 2019"""," NY"""
Lelisa DESISA, 14 Jan 1990, ETH," 05 OCT 2019""", Corniche
Lelisa DESISA, 14 Jan 1990, ETH," 15 APR 2019""", Boston
Lelisa DESISA, 14 Jan 1990, ETH," 08 FEB 2019"""," Ras Al Khaimah"""
Dickson TUWEI, 31 Oct 1992, KEN," 17 FEB 2019"""," Hong Kong"""
Kenneth Mburu MUNGARA, 07 Sep 1973, KEN," 15 DEC 2019"""," Taipei City"""
Kenneth Mburu MUNGARA, 07 Sep 1973, KEN," 27 OCT 2019"""," Nairobi"""
Kenneth Mburu MUNGARA, 07 Sep 1973, KEN," 17 FEB 2019"""," Hong Kong"""
Felix Kipchirchir KANDIE, 10 Apr 1987, KEN," 29 SEP 2019"""," Berlin"""
Felix Kipchirchir KANDIE, 10 Apr 1987, KEN," 15 APR 2019""", Boston
Laban KORIR, 30 Dec 1985, KEN," 05 OCT 2019""", Corniche
Laban KORIR, 30 Dec 1985, KEN," 28 APR 2019"""," Hamburg"""
Laban KORIR, 30 Dec 1985, KEN," 10 MAR 2019"""," Barcelona"""
Soloman DEKSISA, 11 Mar 1994, ETH," 20 OCT 2019"""," Amsterdam"""
Soloman DEKSISA, 11 Mar 1994, ETH," 15 APR 2019"""," MA"""
Albert KORIR, 02 Mar 1994, KEN," 03 NOV 2019""", New York
Albert KORIR, 02 Mar 1994, KEN," 26 MAY 2019"""," Ottawa"""
Albert KORIR, 02 Mar 1994, KEN," 20 JAN 2019""", Houston
Martin KIPRUGUT KOSGEY, 21 Mar 1989, KEN," 27 OCT 2019"""," Frankfurt"""
Martin KIPRUGUT KOSGEY, 21 Mar 1989, KEN," 26 MAY 2019"""," Ottawa"""
Yuta SHITARA, 18 Dec 1991, JPN," 15 SEP 2019"""," Tokyo"""
Yuta SHITARA, 18 Dec 1991, JPN, 28:17.38 ," ""Hokuren Distance Challenge"
Yuta SHITARA, 18 Dec 1991, JPN," 07 JUL 2019"""," Gold Coast"""
Yuta SHITARA, 18 Dec 1991, JPN," 27 JUN 2019"""," Fukuoka"""
Yuta SHITARA, 18 Dec 1991, JPN, 27:53.67 ," ""Golden Games"
Yuta SHITARA, 18 Dec 1991, JPN," 28 APR 2019"""," Gifu"""
Yuta SHITARA, 18 Dec 1991, JPN," 14 APR 2019"""," Kumamoto"""
Yuma HATTORI, 13 Nov 1993, JPN," 15 SEP 2019"""," Tokyo"""
Yuma HATTORI, 13 Nov 1993, JPN," 07 JUL 2019"""," Gold Coast"""
Yuma HATTORI, 13 Nov 1993, JPN," 14 APR 2019"""," Kumamoto"""
Abel KIRUI, 06 Apr 1982, KEN," 15 DEC 2019"""," Kolkata"""
Abel KIRUI, 06 Apr 1982, KEN," 28 APR 2019"""," ""E"""
Wilson Kipsang KIPROTICH, 15 Mar 1982, KEN," 28 APR 2019"""," ""GL"""
Wilson Kipsang KIPROTICH, 15 Mar 1982, KEN," 10 MAR 2019"""," ""E"""
Takuya NOGUCHI, 02 Jul 1988, JPN, 28:59.76 ," ""Hachioji Long Distance Meet"
Takuya NOGUCHI, 02 Jul 1988, JPN," 22 JUL 2019"""," Abashiri"""
Takuya NOGUCHI, 02 Jul 1988, JPN, 30:39.43 ," ""Hokuren Distance Challenge"
Ishimael BUSHENDICH, 07 Jul 1991, KEN," 03 NOV 2019"""," Beijing"""
Deriba ROBI, 26 Sep 1990, ETH," 25 AUG 2019"""," Ciudad de México"""
Deriba ROBI, 26 Sep 1990, ETH," 10 MAR 2019"""," Otsu"""
Dejene DEBELA, 09 Jan 1995, ETH," 13 OCT 2019""", Chicago
Dejene DEBELA, 09 Jan 1995, ETH," 27 MAY 2019""", Boulder
Dejene DEBELA, 09 Jan 1995, ETH," 06 JAN 2019"""," Xiamen"""
Yitayal Atnafu ZERIHUN, 20 Jan 1993, ETH," 03 NOV 2019"""," Istanbul"""
Yitayal Atnafu ZERIHUN, 20 Jan 1993, ETH," 27 MAY 2019""", Boulder
Yitayal Atnafu ZERIHUN, 20 Jan 1993, ETH," 14 APR 2019"""," Paris"""
Yitayal Atnafu ZERIHUN, 20 Jan 1993, ETH," 20 JAN 2019""", Houston
Amos MITEI, 10 Mar 1992, KEN," 14 APR 2024"""," Hannover"""
Eliud KIPTANUI, 06 Jun 1989, KEN," 08 SEP 2019"""," ""GL"""
Eliud KIPTANUI, 06 Jun 1989, KEN," 06 JAN 2019"""," Xiamen"""
Stephen KIPROTICH, 27 Feb 1989, UGA," 05 OCT 2019""", Corniche
Stephen KIPROTICH, 27 Feb 1989, UGA," 25 AUG 2019"""," Klagenfurt"""
Stephen KIPROTICH, 27 Feb 1989, UGA," 30 JUN 2019"""," Hamburg"""
Stephen KIPROTICH, 27 Feb 1989, UGA," 28 APR 2019"""," Hamburg"""
Al Mahjoub DAZZA, 03 Mar 1991, MAR," 01 DEC 2019"""," ""GL"""
Al Mahjoub DAZZA, 03 Mar 1991, MAR," 05 MAY 2019"""," ""GL"""
Abraham KIPROTICH, 17 Aug 1983, FRA," 11 NOV 2018"""," Istanbul"""
Abraham KIPROTICH, 17 Aug 1983, FRA," 08 SEP 2018"""," Taiyuan"""
Abraham KIPROTICH, 17 Aug 1983, FRA," 10 FEB 2018"""," Lagos"""
Tsegaye KEBEDE, 15 Jan 1987, ETH," 01 DEC 2019"""," Valencia"""
Marius KIMUTAI, 10 Dec 1992, BRN," 03 NOV 2019"""," Hangzhou"""
Marius KIMUTAI, 10 Dec 1992, BRN," 08 SEP 2019"""," Taiyuan"""
Marius KIMUTAI, 10 Dec 1992, BRN," 31 MAR 2019"""," Chongqing"""
Laban MUTAI, 15 Jan 1988, KEN," 13 OCT 2019"""," Eindhoven"""
Laban MUTAI, 15 Jan 1988, KEN," 25 AUG 2019"""," Klagenfurt"""
Laban MUTAI, 15 Jan 1988, KEN," 10 MAR 2019"""," Barcelona"""
Jake ROBERTSON, 14 Nov 1989, NZL," 04 JUL 2024""", Atlanta
Abdi Ibrahim ABDO, 24 Apr 1997, BRN," 01 DEC 2019"""," ""GL"""
Daniele MEUCCI, 07 Oct 1985, ITA," 31 DEC 2019"""," Roma"""
Daniele MEUCCI, 07 Oct 1985, ITA," 27 OCT 2019"""," Frankfurt"""
Daniele MEUCCI, 07 Oct 1985, ITA," 05 OCT 2019"""," Doha"""
Daniele MEUCCI, 07 Oct 1985, ITA," 25 AUG 2019"""," Klagenfurt"""
Daniele MEUCCI, 07 Oct 1985, ITA, 28:38.35 ," ""European 10"
Daniele MEUCCI, 07 Oct 1985, ITA," 16 JUN 2019"""," Telese Terme"""
Daniele MEUCCI, 07 Oct 1985, ITA," 25 MAY 2019"""," Arezzo"""
Daniele MEUCCI, 07 Oct 1985, ITA," 28 APR 2019"""," Hamburg"""
Daniele MEUCCI, 07 Oct 1985, ITA," 07 APR 2019"""," ""A"""
Felix KIMUTAI, 12 Feb 1989, KEN," 03 NOV 2019"""," Istanbul"""
Felix KIMUTAI, 12 Feb 1989, KEN," 20 APR 2019"""," Dongying"""
Marius KIPSEREM, 17 May 1988, KEN," 07 APR 2019"""," Rotterdam"""
Amanuel MESEL, 29 Dec 1990, ERI," 01 DEC 2019"""," ""GL"""
Amanuel MESEL, 29 Dec 1990, ERI," 20 OCT 2019"""," Lisboa"""
Amanuel MESEL, 29 Dec 1990, ERI," 25 AUG 2019"""," Ciudad de México"""
Amanuel MESEL, 29 Dec 1990, ERI," 13 JUL 2019"""," TN"""
Amanuel MESEL, 29 Dec 1990, ERI," 10 MAR 2019"""," ""GL"""
Felix KIPROTICH, 07 Dec 1988, KEN," 01 DEC 2019"""," Valencia"""
Felix KIPROTICH, 07 Dec 1988, KEN," 15 SEP 2019"""," Sydney"""
Felix KIPROTICH, 07 Dec 1988, KEN," 07 APR 2019"""," Daegu"""
Deme Tadu ABATE, 11 Sep 1997, ETH," 20 OCT 2019"""," Amsterdam"""
Deme Tadu ABATE, 11 Sep 1997, ETH," 15 SEP 2019"""," København"""
Deme Tadu ABATE, 11 Sep 1997, ETH," 28 APR 2019"""," Hamburg"""
Philemon RONO, 08 Feb 1991, KEN," 20 OCT 2019"""," Toronto"""
Philemon RONO, 08 Feb 1991, KEN," 31 AUG 2019"""," Lille"""
Philemon RONO, 08 Feb 1991, KEN," 15 APR 2019""", Boston
Bazu WORKU HAYLA, 15 Sep 1990, ETH," 01 DEC 2019"""," Kunming"""
Bazu WORKU HAYLA, 15 Sep 1990, ETH," 03 NOV 2019"""," Beijing"""
Bazu WORKU HAYLA, 15 Sep 1990, ETH," 12 MAY 2019"""," Dalian"""
Bazu WORKU HAYLA, 15 Sep 1990, ETH," 07 APR 2019"""," ""A"""
Asbel KIPSANG, 10 Sep 1993, KEN," 24 NOV 2019"""," Firenze"""
Asbel KIPSANG, 10 Sep 1993, KEN," 12 MAY 2019"""," Dalian"""
Asbel KIPSANG, 10 Sep 1993, KEN," 06 JAN 2019"""," ""GL"""
Stephen CHEMLANY, 09 Aug 1982, KEN," 20 OCT 2019"""," Lisboa"""
Augustino Paulo SULLE, 13 Oct 1997, TAN," 05 OCT 2019"""," Doha"""
Augustino Paulo SULLE, 13 Oct 1997, TAN," 10 MAR 2019"""," Otsu"""
Tesfamriam Samuel TSEGAY, 24 Feb 1988, ERI," 08 DEC 2019"""," Guangzhou"""
Tesfamriam Samuel TSEGAY, 24 Feb 1988, ERI," 19 OCT 2019"""," Hole"""
Tesfamriam Samuel TSEGAY, 24 Feb 1988, ERI," 28 JUL 2019"""," Bogotá"""
Tesfamriam Samuel TSEGAY, 24 Feb 1988, ERI," 24 FEB 2019"""," Guadalajara"""
Yuki KAWAUCHI, 05 Mar 1987, JPN," 15 DEC 2019"""," Hofu"""
Yuki KAWAUCHI, 05 Mar 1987, JPN," 01 DEC 2019"""," Fukuoka"""
Yuki KAWAUCHI, 05 Mar 1987, JPN," 05 OCT 2019""", Corniche
Yuki KAWAUCHI, 05 Mar 1987, JPN," 17 JUL 2019"""," Kitami"""
Yuki KAWAUCHI, 05 Mar 1987, JPN," 13 JUL 2019"""," Shibetsu"""
Yuki KAWAUCHI, 05 Mar 1987, JPN," 07 JUL 2019"""," Gold Coast"""
Yuki KAWAUCHI, 05 Mar 1987, JPN," 12 MAY 2019"""," Sendai"""
Yuki KAWAUCHI, 05 Mar 1987, JPN," 05 MAY 2019"""," Vancouver"""
Yuki KAWAUCHI, 05 Mar 1987, JPN," 28 APR 2019"""," Gifu"""
Yuki KAWAUCHI, 05 Mar 1987, JPN," 15 APR 2019""", Boston
Yuki KAWAUCHI, 05 Mar 1987, JPN," 10 MAR 2019"""," Otsu"""
Yuki KAWAUCHI, 05 Mar 1987, JPN," 03 MAR 2019"""," ""F"""
Yuki KAWAUCHI, 05 Mar 1987, JPN," 24 FEB 2019"""," Shizuoka"""
Yuki KAWAUCHI, 05 Mar 1987, JPN," 17 FEB 2019"""," Kumamoto"""
Yuki KAWAUCHI, 05 Mar 1987, JPN," 20 JAN 2019"""," ""F"""
Mark KORIR, 06 Aug 1988, KEN," 24 SEP 2023"""," ""GW"""
Mark KORIR, 06 Aug 1988, KEN," 17 APR 2023""", Boston
Solomon Kirwa YEGO, 10 May 1987, KEN," 03 NOV 2019"""," Beijing"""
Solomon Kirwa YEGO, 10 May 1987, KEN," 15 SEP 2019"""," København"""
Solomon Kirwa YEGO, 10 May 1987, KEN," 05 MAY 2019"""," Praha"""
Solomon Kirwa YEGO, 10 May 1987, KEN," 17 MAR 2019"""," Lisboa"""
Kenneth KIPLAGAT, 14 Aug 1990, KEN," 27 OCT 2019"""," Chengdu"""
Kenneth KIPLAGAT, 14 Aug 1990, KEN," 14 APR 2019"""," Wuhan"""
Kenneth KIPLAGAT, 14 Aug 1990, KEN," 08 FEB 2019"""," Ras Al Khaimah"""
Daniel KINYUA, 25 May 1992, KEN,  -  ," Nairobi"""
Daniel KINYUA, 25 May 1992, KEN," 28 APR 2019"""," ""GL"""
Daniel KINYUA, 25 May 1992, KEN," 10 MAR 2019"""," ""E"""
Evans KORIR, 10 Jul 1987, KEN," 08 DEC 2019"""," Monterrey"""
Evans KORIR, 10 Jul 1987, KEN," 22 SEP 2019"""," Porto"""
Evans KORIR, 10 Jul 1987, KEN," 07 APR 2019"""," Daegu"""
Kipkemoi KIPSANG, 10 Oct 1990, KEN," 15 SEP 2019"""," Cape Town"""
Kipkemoi KIPSANG, 10 Oct 1990, KEN," 27 APR 2019"""," Madrid"""
Kipkemoi KIPSANG, 10 Oct 1990, KEN," 20 JAN 2019"""," Mumbai"""
Saïd AÏT ADDI, 29 Jun 1982, MAR," 24 NOV 2019"""," Madrid"""
Saïd AÏT ADDI, 29 Jun 1982, MAR," 28 SEP 2019"""," ""F"""
Saïd AÏT ADDI, 29 Jun 1982, MAR," 21 SEP 2019"""," ""F"""
Saïd AÏT ADDI, 29 Jun 1982, MAR," 05 MAY 2019"""," Gijón"""
Saïd AÏT ADDI, 29 Jun 1982, MAR," 13 APR 2019"""," Langreo"""
Saïd AÏT ADDI, 29 Jun 1982, MAR," 24 MAR 2019"""," ""F"""
Javier GUERRA, 10 Nov 1983, ESP," 27 APR 2019"""," Madrid"""
Javier GUERRA, 10 Nov 1983, ESP," 07 APR 2019"""," Madrid"""
Javier GUERRA, 10 Nov 1983, ESP," 27 JAN 2019"""," ""E"""
Joel Kemboi KIMURER, 21 Jan 1988, KEN," 06 DEC 2019"""," Abu Dhabi"""
Joel Kemboi KIMURER, 21 Jan 1988, KEN," 29 SEP 2019"""," Hengshui"""
Joel Kemboi KIMURER, 21 Jan 1988, KEN," 17 FEB 2019"""," Hong Kong"""
Elisha ROTICH, 12 Apr 1990, KEN," 07 APR 2024"""," Paris"""
Shogo NAKAMURA, 01 Sep 1992, JPN," 15 SEP 2019"""," Tokyo"""
Shogo NAKAMURA, 01 Sep 1992, JPN, 28:44.06 ," ""61st East Japan Corporate Teams Championships"
Shogo NAKAMURA, 01 Sep 1992, JPN," 04 MAY 2019"""," Nobeoka"""
Shogo NAKAMURA, 01 Sep 1992, JPN," 03 MAR 2019"""," Tokyo"""
Hayle LEMI, 13 Sep 1994, ETH," 20 OCT 2019"""," Toronto"""
Hayle LEMI, 13 Sep 1994, ETH," 15 APR 2019"""," MA"""
Julius TUWEI, 26 Sep 1993, KEN," 15 DEC 2019"""," Shenzhen"""
Julius TUWEI, 26 Sep 1993, KEN," 10 NOV 2019"""," Hefei"""
Julius TUWEI, 26 Sep 1993, KEN," 19 MAY 2019"""," Riga"""
Julius TUWEI, 26 Sep 1993, KEN," 17 FEB 2019"""," Hong Kong"""
Reuben KERIO, 02 Jun 1994, KEN," 13 OCT 2019"""," Eindhoven"""
Reuben KERIO, 02 Jun 1994, KEN," 27 APR 2019"""," Madrid"""
Reuben KERIO, 02 Jun 1994, KEN," 03 FEB 2019"""," ""E"""
Andrew Ben KIMTAI, 12 Aug 1989, KEN," 27 OCT 2019"""," Venezia"""
Andrew Ben KIMTAI, 12 Aug 1989, KEN," 14 APR 2019"""," Wuhan"""
Raymond Kipchumba CHOGE, 02 Jan 1988, KEN," 01 DEC 2019"""," Fukuoka"""
Raymond Kipchumba CHOGE, 02 Jan 1988, KEN," 07 APR 2019"""," Wien"""
Adugna TAKELE BIKILA, 26 Feb 1989, ETH," 15 DEC 2019"""," Chon Buri"""
Adugna TAKELE BIKILA, 26 Feb 1989, ETH," 27 OCT 2019"""," Chengdu"""
Adugna TAKELE BIKILA, 26 Feb 1989, ETH," 26 MAY 2019"""," Ottawa"""
Adugna TAKELE BIKILA, 26 Feb 1989, ETH," 07 APR 2019"""," Istanbul"""
Adugna TAKELE BIKILA, 26 Feb 1989, ETH," 25 JAN 2019"""," Dubai"""
Hillary KIPSAMBU, 04 Feb 1985, KEN," 06 OCT 2019"""," Košice"""
Hillary KIPSAMBU, 04 Feb 1985, KEN," 17 AUG 2019"""," Schortens"""
Hillary KIPSAMBU, 04 Feb 1985, KEN," 14 APR 2019"""," Paris"""
Vincent KIPRUTO, 13 Sep 1987, KEN," 17 NOV 2019"""," Shanghai"""
Aychew BANTIE, 12 Sep 1995, ETH," 01 DEC 2019"""," Heerenberg"""
Aychew BANTIE, 12 Sep 1995, ETH," 29 SEP 2019"""," Hengshui"""
Aychew BANTIE, 12 Sep 1995, ETH," 05 MAY 2019"""," Praha"""
Aychew BANTIE, 12 Sep 1995, ETH," 20 JAN 2019"""," Mumbai"""
Herpasa NEGASA, 11 Sep 1993, ETH," 15 MAR 2019"""," Manama"""
Herpasa NEGASA, 11 Sep 1993, ETH," 25 JAN 2019"""," Dubai"""
Emmanuel SAINA, 06 Sep 1992, KEN," 01 DEC 2019"""," Valencia"""
Emmanuel SAINA, 06 Sep 1992, KEN," 13 OCT 2019"""," IL"""
Emmanuel SAINA, 06 Sep 1992, KEN," 25 AUG 2019"""," Buenos Aires"""
Emmanuel SAINA, 06 Sep 1992, KEN," 07 APR 2019"""," Rotterdam"""
Emmanuel SAINA, 06 Sep 1992, KEN," 25 JAN 2019"""," Dubai"""
Tsedat Abege AYANA, 18 Feb 1996, ETH," 01 DEC 2019"""," ""GL"""
Tsedat Abege AYANA, 18 Feb 1996, ETH," 26 MAY 2019"""," Ottawa"""
Tsedat Abege AYANA, 18 Feb 1996, ETH," 21 APR 2019"""," Yangzhou"""
Tsedat Abege AYANA, 18 Feb 1996, ETH," 17 FEB 2019"""," Sevilla"""
Barnabas KIPTUM, 08 Dec 1986, KEN," 20 OCT 2019"""," Lisboa"""
Barnabas KIPTUM, 08 Dec 1986, KEN," 07 JUL 2019"""," Gold Coast"""
Barnabas KIPTUM, 08 Dec 1986, KEN," 17 FEB 2019"""," Hong Kong"""
Berga BIRHANU BEKELE, 20 Apr 1981, ETH," 08 SEP 2019"""," Taiyuan"""
Berga BIRHANU BEKELE, 20 Apr 1981, ETH," 17 FEB 2019"""," Sevilla"""
Birhanu LEGESE, 11 Sep 1994, ETH," 29 SEP 2019"""," Berlin"""
Birhanu LEGESE, 11 Sep 1994, ETH," 19 MAY 2019"""," Bengaluru"""
Birhanu LEGESE, 11 Sep 1994, ETH," 03 MAR 2019"""," Tokyo"""
Bedan KAROKI, 21 Aug 1990, KEN," 13 OCT 2019""", Chicago
Bedan KAROKI, 21 Aug 1990, KEN," 25 AUG 2019"""," Buenos Aires"""
Bedan KAROKI, 21 Aug 1990, KEN," 19 MAY 2019"""," Bengaluru"""
Bedan KAROKI, 21 Aug 1990, KEN," 28 APR 2019"""," Gifu"""
Bedan KAROKI, 21 Aug 1990, KEN," 03 MAR 2019"""," Tokyo"""
Bedan KAROKI, 21 Aug 1990, KEN," 20 JAN 2019""", Houston
Asefa TEFERA, 14 Mar 1997, ETH," 01 DEC 2019"""," Osaka"""
Asefa TEFERA, 14 Mar 1997, ETH," 13 OCT 2019"""," Changzhou"""
Asefa TEFERA, 14 Mar 1997, ETH," 10 MAR 2019"""," Otsu"""
Asefa TEFERA, 14 Mar 1997, ETH," 08 FEB 2019"""," Ras Al Khaimah"""
Philemon KACHERAN, 04 Jul 1992, KEN," 01 DEC 2019"""," Valencia"""
Philemon KACHERAN, 04 Jul 1992, KEN," 10 MAR 2019"""," Barcelona"""
Benson SEUREI, 27 Mar 1984, BRN," 30 NOV 2019"""," Singapore"""
Benson SEUREI, 27 Mar 1984, BRN," 05 OCT 2019"""," Doha"""
Benson SEUREI, 27 Mar 1984, BRN," 02 JUN 2019"""," Lanzhou"""
Benson SEUREI, 27 Mar 1984, BRN," 10 MAR 2019"""," Otsu"""
Anthony MARITIM, 12 Nov 1986, KEN," 27 OCT 2019"""," Ljubljana"""
Anthony MARITIM, 12 Nov 1986, KEN," 25 AUG 2019"""," Klagenfurt"""
Anthony MARITIM, 12 Nov 1986, KEN," 10 MAR 2019"""," Barcelona"""
Thomas KIPLAGAT, 01 Mar 1987, KEN," 01 DEC 2019"""," Valencia"""
Thomas KIPLAGAT, 01 Mar 1987, KEN," 17 MAR 2019"""," Seoul"""
Edwin KOECH, 14 Dec 1987, KEN," 15 SEP 2019"""," Cape Town"""
Edwin KOECH, 14 Dec 1987, KEN," 31 MAR 2019"""," Chongqing"""
Michael KUNYUGA, 27 Jul 1987, KEN," 15 SEP 2019"""," Sydney"""
Michael KUNYUGA, 27 Jul 1987, KEN," 31 MAR 2019"""," Chongqing"""
Kaan Kigen ÖZBILEN, 15 Jan 1986, TUR," 01 DEC 2019"""," Valencia"""
Kaan Kigen ÖZBILEN, 15 Jan 1986, TUR," 19 MAY 2019"""," Bengaluru"""
Kaan Kigen ÖZBILEN, 15 Jan 1986, TUR," 07 APR 2019"""," Rotterdam"""
Kaan Kigen ÖZBILEN, 15 Jan 1986, TUR," 08 FEB 2019"""," Ras Al Khaimah"""
Tadesse ABRAHAM, 12 Aug 1982, SUI," 16 NOV 2019"""," ""E"""
Tadesse ABRAHAM, 12 Aug 1982, SUI," 03 NOV 2019"""," Genève"""
Tadesse ABRAHAM, 12 Aug 1982, SUI," 05 OCT 2019""", Corniche
Tadesse ABRAHAM, 12 Aug 1982, SUI," 11 MAY 2019"""," Bern"""
Tadesse ABRAHAM, 12 Aug 1982, SUI," 07 APR 2019"""," Wien"""
Tadesse ABRAHAM, 12 Aug 1982, SUI," 16 MAR 2019"""," Kerzers"""
Tadesse ABRAHAM, 12 Aug 1982, SUI," 25 JAN 2019"""," Dubai"""
Koen NAERT, 03 Sep 1989, BEL," 01 DEC 2019"""," Fukuoka"""
Koen NAERT, 03 Sep 1989, BEL," 03 AUG 2019"""," Lokeren"""
Koen NAERT, 03 Sep 1989, BEL," 25 MAY 2019"""," Tampere"""
Koen NAERT, 03 Sep 1989, BEL," 07 APR 2019"""," Rotterdam"""
Koen NAERT, 03 Sep 1989, BEL," 10 FEB 2019"""," Schoorl"""
Titus EKIRU, 02 Jan 1992, KEN," 31 DEC 2019"""," São Paulo"""
Titus EKIRU, 02 Jan 1992, KEN," 08 DEC 2019""", Honolulu
Titus EKIRU, 02 Jan 1992, KEN," 20 OCT 2019"""," Lisboa"""
Titus EKIRU, 02 Jan 1992, KEN," 30 AUG 2019""", Complexe Sportif Prince Moulay Abdellah
Titus EKIRU, 02 Jan 1992, KEN," 07 APR 2019"""," Milano"""
Titus EKIRU, 02 Jan 1992, KEN," 10 MAR 2019"""," ""GL"""
Abdi NAGEEYE, 02 Mar 1989, NED," 20 OCT 2019"""," Amsterdam - Dutch Marathon Ch."""
Abdi NAGEEYE, 02 Mar 1989, NED," 08 SEP 2019"""," South Shields"""
Abdi NAGEEYE, 02 Mar 1989, NED," 07 APR 2019"""," Rotterdam"""
Abdi NAGEEYE, 02 Mar 1989, NED," 03 FEB 2019"""," Marugame"""
Solomon MUTAI, 22 Oct 1992, UGA," 30 NOV 2019"""," Singapore"""
Solomon MUTAI, 22 Oct 1992, UGA," 05 OCT 2019"""," Doha"""
Solomon MUTAI, 22 Oct 1992, UGA," 07 APR 2019"""," Wien"""
Kennedy CHEBOROR, 26 Apr 1990, KEN," 20 OCT 2019"""," Gyeongju"""
Kennedy CHEBOROR, 26 Apr 1990, KEN," 07 APR 2019"""," Daegu"""
Vincent RONO, 10 Nov 1990, KEN," 27 OCT 2019"""," Ljubljana"""
Vincent RONO, 10 Nov 1990, KEN, 29:01.82 ," ""BAUHAUS-galan"
Vincent RONO, 10 Nov 1990, KEN," 07 APR 2019"""," Rotterdam"""
Edwin KOECH, 25 Mar 1992, KEN," 15 SEP 2019"""," Cape Town"""
Edwin KOECH, 25 Mar 1992, KEN," 31 MAR 2019"""," Chongqing"""
Abrha MILAW ASEFA, 27 Feb 1988, ETH," 14 APR 2019"""," Paris"""
Barselius KIPYEGO, 22 Jul 1993, KEN," 30 NOV 2019"""," Singapore"""
Barselius KIPYEGO, 22 Jul 1993, KEN," 14 APR 2019"""," Paris"""
Fikadu KEBEDE, , ETH," 29 SEP 2019"""," Hengshui"""
Fikadu KEBEDE, , ETH," 27 APR 2019"""," Madrid"""
Fikadu KEBEDE, , ETH," 20 APR 2019"""," Dongying"""
Fikadu KEBEDE, , ETH," 25 JAN 2019"""," Dubai"""
Kiprotich KIRUI, 22 Dec 1984, KEN," 03 NOV 2019"""," Guadalajara"""
Kiprotich KIRUI, 22 Dec 1984, KEN," 27 APR 2019"""," Madrid"""
Kiprotich KIRUI, 22 Dec 1984, KEN," 02 FEB 2019"""," Lagos"""
Dawit WOLDE, 19 May 1991, ETH," 27 OCT 2019"""," Frankfurt"""
Dawit WOLDE, 19 May 1991, ETH," 05 MAY 2019"""," Praha"""
Dawit WOLDE, 19 May 1991, ETH," 17 FEB 2019"""," Hong Kong"""
Andualem Belay SHIFERAW, 05 Apr 1992, ETH," 20 OCT 2019"""," Lisboa"""
Andualem Belay SHIFERAW, 05 Apr 1992, ETH," 19 MAY 2019"""," Riga"""
Andualem Belay SHIFERAW, 05 Apr 1992, ETH," 24 FEB 2019"""," Castellón"""
Justus KIMUTAI, 02 Mar 1993, KEN," 08 SEP 2019"""," Taiyuan"""
Justus KIMUTAI, 02 Mar 1993, KEN," 02 JUN 2019"""," Lanzhou"""
Justus KIMUTAI, 02 Mar 1993, KEN," 07 APR 2019"""," ""A"""
Justus KIMUTAI, 02 Mar 1993, KEN," 20 JAN 2019""", Houston
Afewerk MESFIN, 12 Oct 1992, ETH," 02 JUN 2019"""," Lanzhou"""
Afewerk MESFIN, 12 Oct 1992, ETH," 06 JAN 2019"""," Xiamen"""
Christian PACHECO, 26 May 1993, PER," 01 DEC 2019"""," Fukuoka"""
Christian PACHECO, 26 May 1993, PER," 27 JUL 2019"""," Lima"""
Christian PACHECO, 26 May 1993, PER," 02 JUN 2019"""," Quito"""
Dominic RUTO, 05 May 1990, KEN," 10 NOV 2019"""," Hefei"""
Dominic RUTO, 05 May 1990, KEN," 29 SEP 2019"""," Hengshui"""
Dominic RUTO, 05 May 1990, KEN," 20 APR 2019"""," Dongying"""
Mohamed ZIANI, 01 Jan 1993, MAR," 01 DEC 2019"""," Osaka"""
Mohamed ZIANI, 01 Jan 1993, MAR," 03 NOV 2019"""," Laayoune"""
Mohamed ZIANI, 01 Jan 1993, MAR," 15 SEP 2019"""," Cape Town"""
Mohamed ZIANI, 01 Jan 1993, MAR," 30 JUN 2019"""," Casablanca"""
Mohamed ZIANI, 01 Jan 1993, MAR," 23 JUN 2019"""," Kenitra"""
Mohamed ZIANI, 01 Jan 1993, MAR," 09 JUN 2019"""," Casablanca"""
Mohamed ZIANI, 01 Jan 1993, MAR," 25 MAY 2019"""," Ottawa"""
Mohamed ZIANI, 01 Jan 1993, MAR," 14 APR 2019"""," Wuhan"""
Mohamed ZIANI, 01 Jan 1993, MAR," 03 MAR 2019"""," Taroudant"""
Mohamed ZIANI, 01 Jan 1993, MAR," 24 FEB 2019"""," Gyeonggi-Do"""
Kenenisa BEKELE, 13 Jun 1982, ETH," 29 SEP 2019"""," Berlin"""
Jonathan KORIR, 20 Nov 1986, KEN," 30 NOV 2019"""," Ziwa"""
Jonathan KORIR, 20 Nov 1986, KEN," 29 SEP 2019"""," Berlin"""
Jonathan KORIR, 20 Nov 1986, KEN," 28 APR 2019"""," Hamburg"""
Jonathan KORIR, 20 Nov 1986, KEN," 10 FEB 2019"""," Barcelona"""
Callum HAWKINS, 22 Jun 1992, GBR," 05 OCT 2019""", Corniche
Callum HAWKINS, 22 Jun 1992, GBR," 08 SEP 2019"""," South Shields"""
Callum HAWKINS, 22 Jun 1992, GBR," 03 AUG 2019""", Cape Elizabeth
Callum HAWKINS, 22 Jun 1992, GBR," 21 JUN 2019"""," Pollok"""
Callum HAWKINS, 22 Jun 1992, GBR," 28 APR 2019"""," London"""
Callum HAWKINS, 22 Jun 1992, GBR," 17 MAR 2019"""," Lisboa"""
Callum HAWKINS, 22 Jun 1992, GBR," 13 JAN 2019"""," Valencia"""
Zersenay TADESE, 01 Jan 1982, ERI," 05 OCT 2019""", Corniche
Derlys AYALA, 07 Jan 1990, PAR," 05 OCT 2019"""," Doha"""
Derlys AYALA, 07 Jan 1990, PAR," 22 SEP 2019"""," Buenos Aires - South American Marathon Ch."""
Derlys AYALA, 07 Jan 1990, PAR," 25 AUG 2019"""," Asunción - South American Half Marathon Ch."""
Derlys AYALA, 07 Jan 1990, PAR," 27 JUL 2019"""," Lima"""
Derlys AYALA, 07 Jan 1990, PAR," 04 MAY 2019"""," Asunción"""
Derlys AYALA, 07 Jan 1990, PAR," 28 APR 2019"""," London"""
Derlys AYALA, 07 Jan 1990, PAR," 09 MAR 2019"""," Cipolletti"""
Kenta MURAYAMA, 23 Feb 1993, JPN," 01 DEC 2019"""," Kosa"""
Kenta MURAYAMA, 23 Feb 1993, JPN," 29 SEP 2019"""," Berlin"""
Kenta MURAYAMA, 23 Feb 1993, JPN, 28:48.73 ," ""67th All Japan Corporate Team Championships"
Kenta MURAYAMA, 23 Feb 1993, JPN," 01 JUN 2019"""," Kitakyushu"""
Kenta MURAYAMA, 23 Feb 1993, JPN, 29:03.56 ," ""Japanese 10"
Kenta MURAYAMA, 23 Feb 1993, JPN," 12 MAY 2019"""," Sendai"""
Kenta MURAYAMA, 23 Feb 1993, JPN," 28 APR 2019"""," Hamburg"""
Kenta MURAYAMA, 23 Feb 1993, JPN," 03 FEB 2019"""," ""B"""
Bashir ABDI, 10 Feb 1989, BEL," 31 DEC 2019"""," Madrid"""
Bashir ABDI, 10 Feb 1989, BEL," 01 DEC 2019"""," Heerenberg"""
Bashir ABDI, 10 Feb 1989, BEL," 13 OCT 2019""", Chicago
Bashir ABDI, 10 Feb 1989, BEL," 08 SEP 2019"""," South Shields"""
Bashir ABDI, 10 Feb 1989, BEL," 03 AUG 2019""", Cape Elizabeth
Bashir ABDI, 10 Feb 1989, BEL," 28 APR 2019"""," London"""
Bashir ABDI, 10 Feb 1989, BEL," 10 MAR 2019"""," ""E"""
Bashir ABDI, 10 Feb 1989, BEL," 10 FEB 2019"""," Schoorl"""
Vincent KIPCHUMBA, 03 Aug 1990, KEN," 20 OCT 2019"""," Amsterdam"""
Vincent KIPCHUMBA, 03 Aug 1990, KEN, 29:43.97 ," ""Kenya Police Ch."
Vincent KIPCHUMBA, 03 Aug 1990, KEN," 07 APR 2019"""," Wien"""
Vincent KIPCHUMBA, 03 Aug 1990, KEN," 06 JAN 2019"""," Adana"""
Felix CHEMONGES, 19 Aug 1993, UGA," 15 DEC 2019"""," Kolkata"""
Felix CHEMONGES, 19 Aug 1993, UGA," 24 NOV 2019"""," ""F"""
Felix CHEMONGES, 19 Aug 1993, UGA," 20 OCT 2019"""," Toronto"""
Felix CHEMONGES, 19 Aug 1993, UGA, 29:20.10 ," ""Ugandan Championships"
Felix CHEMONGES, 19 Aug 1993, UGA," 15 JUN 2019"""," Zwolle"""
Felix CHEMONGES, 19 Aug 1993, UGA," 07 JUN 2019"""," Karlovac"""
Felix CHEMONGES, 19 Aug 1993, UGA," 14 APR 2019"""," Linz"""
Mark Kosgei KIPTOO, 21 Jun 1976, KEN," 27 OCT 2019"""," Frankfurt"""
Mark Kosgei KIPTOO, 21 Jun 1976, KEN," 07 APR 2019"""," Daegu"""
Jo FUKUDA, 31 Dec 1990, JPN," 01 DEC 2019"""," Fukuoka"""
Jo FUKUDA, 31 Dec 1990, JPN," 15 SEP 2019"""," Tokyo"""
Jo FUKUDA, 31 Dec 1990, JPN," 07 JUL 2019"""," Gold Coast"""
Jo FUKUDA, 31 Dec 1990, JPN," 04 MAY 2019"""," Nobeoka"""
Jo FUKUDA, 31 Dec 1990, JPN, 31:15.89 ," ""67th Hyogo Relay Carnival"
Jo FUKUDA, 31 Dec 1990, JPN," 03 MAR 2019"""," ""GL"""
Jo FUKUDA, 31 Dec 1990, JPN," 03 FEB 2019"""," Marugame"""
Gebretsadik ABRAHA, 16 Jul 1992, ETH," 08 DEC 2019"""," Guangzhou"""
Gebretsadik ABRAHA, 16 Jul 1992, ETH," 31 MAR 2019"""," Chongqing"""
Ayele ABSHERO, 28 Dec 1990, ETH," 22 SEP 2019"""," Amsterdam"""
Ayele ABSHERO, 28 Dec 1990, ETH," 28 APR 2019"""," Hamburg"""
Birhanu TESHOME, 1996, ETH," 20 OCT 2019"""," Lisboa"""
Birhanu TESHOME, 1996, ETH," 07 APR 2019"""," Roma"""
Birhanu TESHOME, 1996, ETH," 25 JAN 2019"""," Dubai"""
Yihunilign ADANE, 29 Feb 1996, ETH," 10 NOV 2019"""," Hefei"""
Yihunilign ADANE, 29 Feb 1996, ETH," 25 AUG 2019"""," Ciudad de México"""
Yihunilign ADANE, 29 Feb 1996, ETH," 07 APR 2019"""," Roma"""
Yihunilign ADANE, 29 Feb 1996, ETH," 03 FEB 2019"""," Oita"""
Mekuant Ayenew GEBRE, 1991, ETH," 03 NOV 2019"""," Beijing"""
Mekuant Ayenew GEBRE, 1991, ETH," 12 MAY 2019"""," Dalian"""
Mekuant Ayenew GEBRE, 1991, ETH," 20 JAN 2019"""," Mumbai"""
Regasa BEJIGA, 1980, ETH," 27 OCT 2019"""," Ljubljana"""
Regasa BEJIGA, 1980, ETH," 14 APR 2019"""," Warszawa"""
Regasa BEJIGA, 1980, ETH," 17 FEB 2019"""," Sevilla"""
Tesfa WOKNETH, 30 Sep 1984, ETH," 27 OCT 2019"""," Changsha"""
Tesfa WOKNETH, 30 Sep 1984, ETH," 07 APR 2019"""," Roma"""
Emmanuel NAIBEI, 20 Jul 1983, KEN," 08 DEC 2019"""," Guangzhou"""
Emmanuel NAIBEI, 20 Jul 1983, KEN," 03 NOV 2019"""," Beijing"""
Emmanuel NAIBEI, 20 Jul 1983, KEN," 21 APR 2019"""," ""F"""
Tesfaye Lencho ANBESA, 1997, ETH," 27 OCT 2019"""," Venezia"""
Tesfaye Lencho ANBESA, 1997, ETH," 10 MAR 2019"""," Paris"""
Maru TEFERI, 17 Aug 1992, ISR," 06 DEC 2019"""," ""B"""
Maru TEFERI, 17 Aug 1992, ISR," 27 OCT 2019"""," Frankfurt"""
Maru TEFERI, 17 Aug 1992, ISR," 08 SEP 2019"""," Tallinn"""
Maru TEFERI, 17 Aug 1992, ISR," 20 JUL 2019"""," Heusden-Zolder"""
Maru TEFERI, 17 Aug 1992, ISR," 01 JUN 2019"""," Tel Aviv"""
Maru TEFERI, 17 Aug 1992, ISR," 25 MAY 2019"""," Tampere"""
Maru TEFERI, 17 Aug 1992, ISR," 04 MAY 2019"""," Tel Aviv"""
Maru TEFERI, 17 Aug 1992, ISR," 07 APR 2019"""," Berlin"""
Maru TEFERI, 17 Aug 1992, ISR," 09 MAR 2019"""," Kfar Saba"""
Maru TEFERI, 17 Aug 1992, ISR," 17 FEB 2019"""," Sevilla"""
Naoya SAKUDA, 17 Dec 1994, JPN, 28:28.92 ," ""Hachioji Long Distance Meet"
Naoya SAKUDA, 17 Dec 1994, JPN," 17 JUL 2019"""," Kitami"""
Naoya SAKUDA, 17 Dec 1994, JPN," 21 APR 2019"""," Nagano"""
Naoya SAKUDA, 17 Dec 1994, JPN," 03 FEB 2019"""," Marugame"""
Natsuki TERADA, 30 Aug 1991, JPN," 01 DEC 2019"""," Fukuoka"""
Natsuki TERADA, 30 Aug 1991, JPN," 22 SEP 2019""", Yanmar Stadium Nagai
Natsuki TERADA, 30 Aug 1991, JPN," 17 JUL 2019"""," Kitami"""
Natsuki TERADA, 30 Aug 1991, JPN, 30:09.92 ," ""Hokuren Distance Challenge"
Natsuki TERADA, 30 Aug 1991, JPN," 19 MAY 2019"""," Kumagaya"""
Natsuki TERADA, 30 Aug 1991, JPN," 21 APR 2019"""," Yokohama"""
Natsuki TERADA, 30 Aug 1991, JPN," 20 APR 2019"""," Yokohama"""
Natsuki TERADA, 30 Aug 1991, JPN," 03 MAR 2019"""," Tokyo"""
Natsuki TERADA, 30 Aug 1991, JPN," 03 FEB 2019"""," Marugame"""
Kengo SUZUKI, 11 Jun 1995, JPN," 15 SEP 2019"""," Tokyo"""
Kengo SUZUKI, 11 Jun 1995, JPN, 28:48.48 ," ""Hokuren Distance Challenge"
Kengo SUZUKI, 11 Jun 1995, JPN," 28 APR 2019"""," Hamburg"""
Kengo SUZUKI, 11 Jun 1995, JPN," 17 MAR 2019"""," Niigata"""
Ryu TAKAKU, 18 Feb 1993, JPN, 28:48.22 ," ""Hachioji Long Distance Meet"
Ryu TAKAKU, 18 Feb 1993, JPN," 15 SEP 2019"""," ""B"""
Ryu TAKAKU, 18 Feb 1993, JPN," 07 JUL 2019"""," Hakodate"""
Ryu TAKAKU, 18 Feb 1993, JPN," 28 APR 2019"""," Hamburg"""
Ryu TAKAKU, 18 Feb 1993, JPN," 03 MAR 2019"""," Tokyo"""
Ryu TAKAKU, 18 Feb 1993, JPN," 03 FEB 2019"""," Marugame"""
Michel GITHAE, 26 Aug 1994, KEN," 01 DEC 2019"""," Fukuoka"""
Michel GITHAE, 26 Aug 1994, KEN," 25 AUG 2019"""," Sapporo"""
Michel GITHAE, 26 Aug 1994, KEN," 10 MAR 2019"""," ""GL"""
Yohanes GHEBREGERGIS, 01 Jan 1989, ERI," 29 SEP 2019"""," Berlin"""
Yohanes GHEBREGERGIS, 01 Jan 1989, ERI," 05 MAY 2019"""," Praha"""
Yohanes GHEBREGERGIS, 01 Jan 1989, ERI," 06 APR 2019"""," Praha"""
Yohanes GHEBREGERGIS, 01 Jan 1989, ERI," 17 MAR 2019"""," Lisboa"""
Shohei OTSUKA, 13 Aug 1994, JPN, 28:56.63 ," ""Hachioji Long Distance Meet"
Shohei OTSUKA, 13 Aug 1994, JPN," 19 OCT 2019""", Municipal Sayagatani Stadium
Shohei OTSUKA, 13 Aug 1994, JPN," 15 SEP 2019"""," Tokyo"""
Shohei OTSUKA, 13 Aug 1994, JPN, 28:37.71 ," ""Hokuren Distance Challenge"
Shohei OTSUKA, 13 Aug 1994, JPN, 28:28.14 ," ""Golden Games"
Shohei OTSUKA, 13 Aug 1994, JPN, 28:25.42 ," ""67th Hyogo Relay Carnival"
Shohei OTSUKA, 13 Aug 1994, JPN," 14 APR 2019"""," Kumamoto"""
Shohei OTSUKA, 13 Aug 1994, JPN," 03 MAR 2019"""," Tokyo"""
Shohei OTSUKA, 13 Aug 1994, JPN," 03 FEB 2019"""," Marugame"""
Hamid BEN DAOUD, 19 Feb 1996, ESP," 31 DEC 2019"""," Madrid"""
Hamid BEN DAOUD, 19 Feb 1996, ESP," 08 DEC 2019"""," ""GL"""
Hamid BEN DAOUD, 19 Feb 1996, ESP," 05 MAY 2019"""," Praha"""
Hamid BEN DAOUD, 19 Feb 1996, ESP," 30 MAR 2019"""," ""GW"""
Hamid BEN DAOUD, 19 Feb 1996, ESP," 03 MAR 2019"""," Taroudant"""
Jackson KIPROP, 20 Oct 1986, UGA," 08 SEP 2019"""," Taiyuan"""
Jackson KIPROP, 20 Oct 1986, UGA," 21 APR 2019"""," Nagano"""
Jackson KIPROP, 20 Oct 1986, UGA," 18 JAN 2019"""," Muscat"""
Shumi DECHASA, 28 May 1989, BRN," 27 OCT 2019""", Five Rings Sports Center
Shumi DECHASA, 28 May 1989, BRN," 12 MAY 2019"""," Genève"""
Stanley BETT, 13 Dec 1986, KEN," 10 NOV 2019"""," ""F"""
Stanley BETT, 13 Dec 1986, KEN," 03 NOV 2019"""," Hangzhou"""
Stanley BETT, 13 Dec 1986, KEN," 09 JUN 2019"""," ""F"""
Stanley BETT, 13 Dec 1986, KEN," 24 MAR 2019"""," ""F"""
Stanley BETT, 13 Dec 1986, KEN," 24 FEB 2019"""," Castellón"""
Abdi FUFA, 27 Sep 1995, ETH," 13 OCT 2019"""," Changzhou"""
Abdi FUFA, 27 Sep 1995, ETH," 15 SEP 2019"""," Cape Town"""
Abdi FUFA, 27 Sep 1995, ETH," 30 MAR 2019"""," ""GW"""
Hicham LAQOUAHI, 13 Jun 1989, MAR," 15 DEC 2019"""," Shenzhen"""
Hicham LAQOUAHI, 13 Jun 1989, MAR," 20 APR 2019"""," Dongying"""
Hicham LAQOUAHI, 13 Jun 1989, MAR," 03 FEB 2019"""," Oita"""
Girmay Birhanu GEBRU, 27 Jan 1987, ETH," 25 AUG 2019"""," Ciudad de México"""
Girmay Birhanu GEBRU, 27 Jan 1987, ETH," 20 APR 2019"""," Dongying"""
Guye Idemo ADOLA, 20 Oct 1990, ETH," 01 DEC 2019"""," Valencia"""
Guye Idemo ADOLA, 20 Oct 1990, ETH," 30 AUG 2019""", Complexe Sportif Prince Moulay Abdellah
Guye Idemo ADOLA, 20 Oct 1990, ETH, 27:46.65 ," ""Ethiopian Trials"
Guye Idemo ADOLA, 20 Oct 1990, ETH," 07 APR 2019"""," Istanbul"""
Guye Idemo ADOLA, 20 Oct 1990, ETH," 10 MAR 2019"""," Ostia"""
Hiskel TEWELDE, 15 Sep 1986, ERI," 17 NOV 2019"""," Shanghai"""
Hiskel TEWELDE, 15 Sep 1986, ERI," 10 MAR 2019"""," Paris"""
Kenneth KETER, 04 Aug 1996, KEN," 27 OCT 2019"""," Frankfurt"""
Kenneth KETER, 04 Aug 1996, KEN," 26 AUG 2019"""," ""F"""
Kenneth KETER, 04 Aug 1996, KEN," 07 APR 2019"""," Wien"""
Eyob GHEBREHIWET FANIEL, 26 Nov 1992, ITA," 31 DEC 2019"""," Bolzano"""
Eyob GHEBREHIWET FANIEL, 26 Nov 1992, ITA," 24 NOV 2019"""," Milano"""
Eyob GHEBREHIWET FANIEL, 26 Nov 1992, ITA," 05 OCT 2019""", Corniche
Eyob GHEBREHIWET FANIEL, 26 Nov 1992, ITA," 08 SEP 2019"""," South Shields"""
Eyob GHEBREHIWET FANIEL, 26 Nov 1992, ITA," 16 JUN 2019"""," Telese Terme"""
Eyob GHEBREHIWET FANIEL, 26 Nov 1992, ITA," 25 MAY 2019"""," Jesolo"""
Eyob GHEBREHIWET FANIEL, 26 Nov 1992, ITA," 19 MAY 2019"""," Manchester"""
Eyob GHEBREHIWET FANIEL, 26 Nov 1992, ITA," 28 APR 2019"""," Padova"""
Eyob GHEBREHIWET FANIEL, 26 Nov 1992, ITA," 17 MAR 2019"""," Vicenza"""
Daisuke UEKADO, 11 Dec 1993, JPN, 29:07.83 ," ""Hachioji Long Distance Meet"
Daisuke UEKADO, 11 Dec 1993, JPN," 15 SEP 2019"""," Tokyo"""
Daisuke UEKADO, 11 Dec 1993, JPN, 29:11.88 ," ""Kansai District Corporate Teams Championships"
Daisuke UEKADO, 11 Dec 1993, JPN, 29:31.27 ," ""67th Hyogo Relay Carnival"
Daisuke UEKADO, 11 Dec 1993, JPN," 03 FEB 2019"""," Oita"""
Daichi KAMINO, 13 Sep 1993, JPN," 22 DEC 2019"""," Dongguan"""
Daichi KAMINO, 13 Sep 1993, JPN," 01 DEC 2019"""," Kosa"""
Daichi KAMINO, 13 Sep 1993, JPN, 28:33.72 ," ""274th Nittadai(NSSU) Distance Meet"
Daichi KAMINO, 13 Sep 1993, JPN," 15 SEP 2019"""," Tokyo"""
Daichi KAMINO, 13 Sep 1993, JPN," 21 JUL 2019"""," ""F"""
Daichi KAMINO, 13 Sep 1993, JPN, 28:32.30 ," ""Hokuren Distance Challenge"
Daichi KAMINO, 13 Sep 1993, JPN," 12 MAY 2019"""," Sendai"""
Daichi KAMINO, 13 Sep 1993, JPN, 29:05.89 ," ""Golden Games"
Daichi KAMINO, 13 Sep 1993, JPN," 03 MAR 2019"""," Tokyo"""
Hiroto INOUE, 06 Jan 1993, JPN," 01 DEC 2019"""," Kosa"""
Hiroto INOUE, 06 Jan 1993, JPN," 15 SEP 2019"""," Tokyo"""
Hiroto INOUE, 06 Jan 1993, JPN, 28:08.10 ," ""Hokuren Distance Challenge"
Hiroto INOUE, 06 Jan 1993, JPN," 27 JUN 2019"""," Fukuoka"""
Hiroto INOUE, 06 Jan 1993, JPN," 01 JUN 2019"""," Kitakyushu"""
Hiroto INOUE, 06 Jan 1993, JPN," 15 APR 2019""", Boston
Hiroto INOUE, 06 Jan 1993, JPN," 03 MAR 2019"""," ""F"""
Hiroto INOUE, 06 Jan 1993, JPN," 10 FEB 2019"""," Karatsu"""
Simon KARIUKI, 01 Apr 1996, KEN, 28:59.35 ," ""Hachioji Long Distance Meet"
Simon KARIUKI, 01 Apr 1996, KEN, 27:56.41 ," ""272nd Nittadai(NSSU) Distance Meet"
Simon KARIUKI, 01 Apr 1996, KEN, 28:08.71 ," ""Hokuren Distance Challenge"
Simon KARIUKI, 01 Apr 1996, KEN," 17 JUL 2019"""," Kitami"""
Simon KARIUKI, 01 Apr 1996, KEN," 04 MAY 2019"""," Nobeoka"""
Simon KARIUKI, 01 Apr 1996, KEN, 28:18.29 ," ""67th Hyogo Relay Carnival"
Simon KARIUKI, 01 Apr 1996, KEN," 03 MAR 2019"""," Tokyo"""
Simon KARIUKI, 01 Apr 1996, KEN," 03 FEB 2019"""," Marugame"""
Girmaw AMARE, 26 Oct 1987, ISR," 05 MAY 2019"""," Praha"""
Girmaw AMARE, 26 Oct 1987, ISR," 17 MAR 2019"""," Lisboa"""
Girmaw AMARE, 26 Oct 1987, ISR," 01 FEB 2019"""," Rishon Letzion"""
Hiribo SHANO, 12 Feb 1999, ETH," 27 OCT 2019"""," Dublin"""
Hiribo SHANO, 12 Feb 1999, ETH," 14 APR 2019"""," Dakar"""
Kenya SONOTA, 10 May 1993, JPN, 29:03.60 ," ""Hachioji Long Distance Meet"
Kenya SONOTA, 10 May 1993, JPN," 22 SEP 2019""", Yanmar Stadium Nagai
Kenya SONOTA, 10 May 1993, JPN," 17 JUL 2019"""," Kitami"""
Kenya SONOTA, 10 May 1993, JPN," 09 JUL 2019"""," Fukagawa"""
Kenya SONOTA, 10 May 1993, JPN," 19 MAY 2019"""," Kumagaya"""
Kenya SONOTA, 10 May 1993, JPN," 21 APR 2019"""," Yokohama"""
Kenya SONOTA, 10 May 1993, JPN," 17 FEB 2019"""," Tokyo"""
Naoki OKAMOTO, 26 May 1984, JPN," 15 SEP 2019"""," Tokyo"""
Naoki OKAMOTO, 26 May 1984, JPN," 21 JUL 2019"""," ""F"""
Naoki OKAMOTO, 26 May 1984, JPN," 27 APR 2019"""," Hiroshima"""
Alemayehu Ameta BELACHEW, 26 Oct 1985, ETH," 27 OCT 2019"""," Rennes"""
Alemayehu Ameta BELACHEW, 26 Oct 1985, ETH," 14 APR 2019"""," Wuhan"""
Alemayehu Ameta BELACHEW, 26 Oct 1985, ETH," 06 JAN 2019"""," Xiamen"""
Elkanah KIBET, 02 Jun 1983, USA," 03 NOV 2019""", Pittsburgh
Elkanah KIBET, 02 Jun 1983, USA, 29:07.92 ," ""CISM Military World Games"
Elkanah KIBET, 02 Jun 1983, USA," 05 OCT 2019""", Corniche
Elkanah KIBET, 02 Jun 1983, USA," 15 APR 2019""", Boston
Elkanah KIBET, 02 Jun 1983, USA," 24 FEB 2019"""," FL"""
Samuel Kiplimo KOSGEI, 20 Jan 1986, KEN," 06 OCT 2019"""," Košice"""
Samuel Kiplimo KOSGEI, 20 Jan 1986, KEN," 17 FEB 2019"""," Sevilla"""
Cameron LEVINS, 28 Mar 1989, CAN," 20 OCT 2019"""," Toronto - Canadian Marathon Ch."""
Cameron LEVINS, 28 Mar 1989, CAN," 07 JUL 2019"""," Edmonton"""
Cameron LEVINS, 28 Mar 1989, CAN," 15 JUN 2019"""," Toronto"""
Cameron LEVINS, 28 Mar 1989, CAN," 17 MAR 2019""", New York
Isaac MPOFU, 20 Aug 1988, ZIM," 03 NOV 2019"""," Soweto"""
Isaac MPOFU, 20 Aug 1988, ZIM," 05 OCT 2019""", Corniche
Isaac MPOFU, 20 Aug 1988, ZIM," 24 AUG 2019"""," Mossel Bay"""
Edwin KIPTOO, 14 Aug 1993, KEN," 15 DEC 2019"""," Málaga"""
Edwin KIPTOO, 14 Aug 1993, KEN," 13 OCT 2019"""," Changzhou"""
Edwin KIPTOO, 14 Aug 1993, KEN," 27 APR 2019"""," Madrid"""
Leonard LANGAT, 07 Aug 1990, KEN," 24 NOV 2019"""," Eldoret"""
Leonard LANGAT, 07 Aug 1990, KEN," 17 NOV 2019"""," Shanghai"""
Leonard LANGAT, 07 Aug 1990, KEN," 06 OCT 2019"""," Cardiff"""
Leonard LANGAT, 07 Aug 1990, KEN," 24 AUG 2019"""," Kabarnet"""
Deresa GELETA, 14 Jan 1996, ETH," 24 NOV 2019"""," La Rochelle"""
Deresa GELETA, 14 Jan 1996, ETH," 21 APR 2019"""," Nagano"""
Deresa GELETA, 14 Jan 1996, ETH," 20 JAN 2019"""," Mumbai"""
Robert KIPKEMBOI, 19 Jun 1988, KEN," 27 OCT 2019"""," Nairobi"""
Robert KIPKEMBOI, 19 Jun 1988, KEN," 28 JUL 2019"""," ""B"""
Robert KIPKEMBOI, 19 Jun 1988, KEN," 17 MAR 2019"""," Seoul"""
Robert KIPKEMBOI, 19 Jun 1988, KEN," 06 JAN 2019"""," Xiamen"""
Ronald KORIR, 10 Apr 1991, KEN," 27 OCT 2019"""," Rennes"""
Ronald KORIR, 10 Apr 1991, KEN," 12 MAY 2019"""," Genève"""
Ronald KORIR, 10 Apr 1991, KEN," 18 JAN 2019"""," Muscat"""
Victor KIPCHIRCHIR, 05 Dec 1987, KEN," 29 SEP 2019"""," Kuala Lumpur"""
Victor KIPCHIRCHIR, 05 Dec 1987, KEN," 19 MAY 2019"""," Salzburg"""
Brimin KIPKORIR, 1989, KEN," 27 OCT 2019"""," Nairobi"""
Brimin KIPKORIR, 1989, KEN," 07 APR 2019"""," Wien"""
Berhane Tsegay TEKLE, 01 Jan 1983, ERI," 01 DEC 2019"""," Osaka"""
Berhane Tsegay TEKLE, 01 Jan 1983, ERI," 14 APR 2019"""," Warszawa"""
Leonard LANGAT, 02 Aug 1996, KEN," 24 NOV 2019"""," Eldoret"""
Leonard LANGAT, 02 Aug 1996, KEN," 17 NOV 2019"""," Shanghai"""
Leonard LANGAT, 02 Aug 1996, KEN," 06 OCT 2019"""," Cardiff"""
Leonard LANGAT, 02 Aug 1996, KEN," 24 AUG 2019"""," Kabarnet"""
Shaohui YANG, 09 Jul 1992, CHN," 01 DEC 2019"""," ""F"""
Shaohui YANG, 09 Jul 1992, CHN," 03 NOV 2019"""," Beijing"""
Shaohui YANG, 09 Jul 1992, CHN," 05 OCT 2019""", Corniche
Shaohui YANG, 09 Jul 1992, CHN," 21 APR 2019"""," Yangzhou"""
Shaohui YANG, 09 Jul 1992, CHN," 14 APR 2019"""," Wuhan"""
Shaohui YANG, 09 Jul 1992, CHN, DNF ," Huangshi"""
Shaohui YANG, 09 Jul 1992, CHN, 31:26.41 ," ""National Athletics Grand Prix Series"
Shaohui YANG, 09 Jul 1992, CHN," 07 APR 2019"""," Zhaoqing"""
Shaohui YANG, 09 Jul 1992, CHN," 24 MAR 2019"""," Xuzhou"""
Felix KIRWA, 08 Oct 1995, KEN," 15 SEP 2024"""," Sydney"""
Felix KIRWA, 08 Oct 1995, KEN," 21 APR 2024"""," ""B"""
Felix KIRWA, 08 Oct 1995, KEN," 07 JAN 2024"""," Xiamen"""
Hendrik PFEIFFER, 18 Mar 1993, GER," 31 DEC 2019"""," Soest"""
Hendrik PFEIFFER, 18 Mar 1993, GER," 13 OCT 2019"""," Köln"""
Hendrik PFEIFFER, 18 Mar 1993, GER," 21 SEP 2019"""," Ústí nad Labem"""
Hendrik PFEIFFER, 18 Mar 1993, GER," 03 AUG 2019"""," Berlin"""
Hendrik PFEIFFER, 18 Mar 1993, GER," 09 JUN 2019"""," Oelde"""
